-- 插入 user 表示例数据
INSERT INTO `user` (`uid`, `uname`, `upwd`, `ustate`, `ucreatetime`, `level`) VALUES
                                                                                  (1, '匿名用户1', 'password123', 1, '2024-11-01 10:00:00', 5),
                                                                                  (2, '匿名用户2', 'securepwd456', 1, '2024-11-02 11:00:00', 3),
                                                                                  (3, '匿名用户3', 'mypassword789', 0, '2024-11-03 12:00:00', 2),
                                                                                  (4, '知识分享者A', 'share2024', 1, '2024-11-05 14:00:00', 4),
                                                                                  (5, '小白用户', 'beginner456', 1, '2024-11-06 15:00:00', 1);

-- 插入 invitecode 表示例数据
INSERT INTO `invitecode` (`icode`, `icreatetime`, `istate`, `uid`) VALUES
                                                                       ('INV10001XYZ', '2024-11-10 15:00:00', 0, NULL),
                                                                       ('INV10002ABC', '2024-11-11 16:00:00', 1, 4),
                                                                       ('INV10003DEF', '2024-11-12 12:00:00', 0, NULL);

-- 插入 fileupload 表示例数据
INSERT INTO `fileupload` (`fileId`, `fileName`, `filePath`, `fileSize`, `uploadTime`, `state`, `uid`) VALUES
                                                                                                          (1, '如何入门Python.pdf', '/uploads/python_guide.pdf', 524288, '2024-11-12 09:00:00', 1, 4),
                                                                                                          (2, 'Java基础教程.docx', '/uploads/java_tutorial.docx', 1048576, '2024-11-13 10:00:00', 1, 5),
                                                                                                          (3, '前端开发入门.mp4', '/uploads/frontend_intro.mp4', 52428800, '2024-11-14 11:00:00', 1, 1),
                                                                                                          (4, '错误代码示例.txt', '/uploads/error_examples.txt', 2048, '2024-11-15 08:30:00', 1, 2);

-- 插入 post 表示例数据
INSERT INTO `post` (`pid`, `ptitle`, `pbody`, `psendtime`, `lastreplytime`, `uid`) VALUES
                                                                                       (1, '如何快速入门人工智能？', '人工智能看起来很复杂，有没有简单的学习路径推荐？', '2024-11-13 08:00:00', '2024-11-13 09:00:00', 4),
                                                                                       (2, '编程新手最容易犯的错误', '作为一个小白，我整理了一些自己经常踩的坑，欢迎补充！', '2024-11-13 10:00:00', '2024-11-13 11:30:00', 5),
                                                                                       (3, '分享：10款必备开发者工具', '我在开发过程中经常用到这10款工具，推荐给大家！', '2024-11-14 09:00:00', '2024-11-14 10:15:00', 1),
                                                                                       (4, '请教：如何优化SQL查询效率？', '最近项目中遇到一些性能问题，主要是SQL查询效率低，有什么优化建议吗？', '2024-11-14 11:00:00', '2024-11-14 12:00:00', 2);

-- 插入 reply 表示例数据
INSERT INTO `reply` (`pid`, `uid`, `replymessage`, `replytime`, `rid`) VALUES
                                                                           (1, 2, '建议先从机器学习的基本概念入手，比如线性回归和分类算法。', '2024-11-13 08:30:00', 1),
                                                                           (1, 3, '可以试试吴恩达的课程，非常适合入门。', '2024-11-13 08:45:00', 2),
                                                                           (2, 1, '变量命名不规范是很多人的问题，多读别人的代码会有帮助。', '2024-11-13 10:30:00', 3),
                                                                           (3, 4, '很赞的工具推荐！我觉得Postman和VSCode也值得推荐。', '2024-11-14 09:30:00', 4),
                                                                           (4, 5, '使用索引和避免全表扫描是关键，可以试试EXPLAIN分析查询语句。', '2024-11-14 11:30:00', 5);
